VEN1	V11Aa	ggatagca:ggatagca	GGWACWRGWTGRACWNTNTAYCCYCC	TANACYTCNGGRTGNCCRAARAAYCA	F @ position=01_07A;
VEN1	V11Ba	cagtagac:cagtagac	GGWACWRGWTGRACWNTNTAYCCYCC	TANACYTCNGGRTGNCCRAARAAYCA	F @ position=01_07B;
VEN1	V12Aa	tagccact:tagccact	GGWACWRGWTGRACWNTNTAYCCYCC	TANACYTCNGGRTGNCCRAARAAYCA	F @ position=01_07C;
VEN1	V12Ba	gaggacta:gaggacta	GGWACWRGWTGRACWNTNTAYCCYCC	TANACYTCNGGRTGNCCRAARAAYCA	F @ position=01_07D;
VEN1	V13Aa	agaagagg:agaagagg	GGWACWRGWTGRACWNTNTAYCCYCC	TANACYTCNGGRTGNCCRAARAAYCA	F @ position=01_07E;
VEN1	V13Ba	cgatgagt:cgatgagt	GGWACWRGWTGRACWNTNTAYCCYCC	TANACYTCNGGRTGNCCRAARAAYCA	F @ position=01_07F;
VEN1	V14Aa	gtgtagtc:gtgtagtc	GGWACWRGWTGRACWNTNTAYCCYCC	TANACYTCNGGRTGNCCRAARAAYCA	F @ position=01_07G;
VEN1	V14Ba	gagttcct:gagttcct	GGWACWRGWTGRACWNTNTAYCCYCC	TANACYTCNGGRTGNCCRAARAAYCA	F @ position=01_07H;
VEN1	V15Aa	acacacag:acacacag	GGWACWRGWTGRACWNTNTAYCCYCC	TANACYTCNGGRTGNCCRAARAAYCA	F @ position=01_08A;
VEN1	V15Ba	aacctagc:aacctagc	GGWACWRGWTGRACWNTNTAYCCYCC	TANACYTCNGGRTGNCCRAARAAYCA	F @ position=01_08B;
VEN1	V16Aa	acacaggt:acacaggt	GGWACWRGWTGRACWNTNTAYCCYCC	TANACYTCNGGRTGNCCRAARAAYCA	F @ position=01_08C;
VEN1	V16Ba	tagagctg:tagagctg	GGWACWRGWTGRACWNTNTAYCCYCC	TANACYTCNGGRTGNCCRAARAAYCA	F @ position=01_08D;
VEN1	V21Aa	aacctcag:aacctcag	GGWACWRGWTGRACWNTNTAYCCYCC	TANACYTCNGGRTGNCCRAARAAYCA	F @ position=01_08E;
VEN1	V21Ba	ggatgatc:ggatgatc	GGWACWRGWTGRACWNTNTAYCCYCC	TANACYTCNGGRTGNCCRAARAAYCA	F @ position=01_08F;
VEN1	V22Aa	tatctggc:tatctggc	GGWACWRGWTGRACWNTNTAYCCYCC	TANACYTCNGGRTGNCCRAARAAYCA	F @ position=01_08G;
VEN1	V22Ba	ctggttga:ctggttga	GGWACWRGWTGRACWNTNTAYCCYCC	TANACYTCNGGRTGNCCRAARAAYCA	F @ position=01_08H;
VEN1	V23Aa	tccaacac:tccaacac	GGWACWRGWTGRACWNTNTAYCCYCC	TANACYTCNGGRTGNCCRAARAAYCA	F @ position=01_09A;
VEN1	V23Ba	gtgtgaag:gtgtgaag	GGWACWRGWTGRACWNTNTAYCCYCC	TANACYTCNGGRTGNCCRAARAAYCA	F @ position=01_09B;
VEN1	V24Aa	aacctgct:aacctgct	GGWACWRGWTGRACWNTNTAYCCYCC	TANACYTCNGGRTGNCCRAARAAYCA	F @ position=01_09C;
VEN1	V24Ba	ggatgtct:ggatgtct	GGWACWRGWTGRACWNTNTAYCCYCC	TANACYTCNGGRTGNCCRAARAAYCA	F @ position=01_09D;
VEN1	V25Aa	tccaagca:tccaagca	GGWACWRGWTGRACWNTNTAYCCYCC	TANACYTCNGGRTGNCCRAARAAYCA	F @ position=01_09E;
VEN1	V25Ba	agaatgcc:agaatgcc	GGWACWRGWTGRACWNTNTAYCCYCC	TANACYTCNGGRTGNCCRAARAAYCA	F @ position=01_09F;
VEN1	V26Aa	gtgtgtgt:gtgtgtgt	GGWACWRGWTGRACWNTNTAYCCYCC	TANACYTCNGGRTGNCCRAARAAYCA	F @ position=01_09G;
VEN1	V26Ba	cacggata:cacggata	GGWACWRGWTGRACWNTNTAYCCYCC	TANACYTCNGGRTGNCCRAARAAYCA	F @ position=01_09H;
VEN1	V31Aa	caacctca:caacctca	GGWACWRGWTGRACWNTNTAYCCYCC	TANACYTCNGGRTGNCCRAARAAYCA	F @ position=01_10A;
VEN1	V31Ba	ggattcga:ggattcga	GGWACWRGWTGRACWNTNTAYCCYCC	TANACYTCNGGRTGNCCRAARAAYCA	F @ position=01_10B;
VEN1	V32Aa	ttaggcac:ttaggcac	GGWACWRGWTGRACWNTNTAYCCYCC	TANACYTCNGGRTGNCCRAARAAYCA	F @ position=01_10C;
VEN1	V32Ba	cgcataga:cgcataga	GGWACWRGWTGRACWNTNTAYCCYCC	TANACYTCNGGRTGNCCRAARAAYCA	F @ position=01_10D;
VEN1	V33Aa	cagttctc:cagttctc	GGWACWRGWTGRACWNTNTAYCCYCC	TANACYTCNGGRTGNCCRAARAAYCA	F @ position=01_10E;
VEN1	V33Ba	aacgagtg:aacgagtg	GGWACWRGWTGRACWNTNTAYCCYCC	TANACYTCNGGRTGNCCRAARAAYCA	F @ position=01_10F;
VEN1	V34Aa	ctgtcaac:ctgtcaac	GGWACWRGWTGRACWNTNTAYCCYCC	TANACYTCNGGRTGNCCRAARAAYCA	F @ position=01_10G;
VEN1	V34Ba	tccaccta:tccaccta	GGWACWRGWTGRACWNTNTAYCCYCC	TANACYTCNGGRTGNCCRAARAAYCA	F @ position=01_10H;
VEN1	V35Aa	cgcatctt:cgcatctt	GGWACWRGWTGRACWNTNTAYCCYCC	TANACYTCNGGRTGNCCRAARAAYCA	F @ position=01_11A;
VEN1	V35Ba	gatacgct:gatacgct	GGWACWRGWTGRACWNTNTAYCCYCC	TANACYTCNGGRTGNCCRAARAAYCA	F @ position=01_11B;
VEN1	V36Aa	gtgttgga:gtgttgga	GGWACWRGWTGRACWNTNTAYCCYCC	TANACYTCNGGRTGNCCRAARAAYCA	F @ position=01_11C;
VEN1	V36Ba	acactagg:acactagg	GGWACWRGWTGRACWNTNTAYCCYCC	TANACYTCNGGRTGNCCRAARAAYCA	F @ position=01_11D;
VEN1	V41Aa	cgccaatt:cgccaatt	GGWACWRGWTGRACWNTNTAYCCYCC	TANACYTCNGGRTGNCCRAARAAYCA	F @ position=01_11E;
VEN1	V41Ba	tagcaagg:tagcaagg	GGWACWRGWTGRACWNTNTAYCCYCC	TANACYTCNGGRTGNCCRAARAAYCA	F @ position=01_11F;
VEN1	V42Aa	gtcacaga:gtcacaga	GGWACWRGWTGRACWNTNTAYCCYCC	TANACYTCNGGRTGNCCRAARAAYCA	F @ position=01_11G;
VEN1	V42Ba	tccagatc:tccagatc	GGWACWRGWTGRACWNTNTAYCCYCC	TANACYTCNGGRTGNCCRAARAAYCA	F @ position=01_11H;
VEN1	V43Aa	acactcct:acactcct	GGWACWRGWTGRACWNTNTAYCCYCC	TANACYTCNGGRTGNCCRAARAAYCA	F @ position=01_12A;
VEN1	V43Ba	gttaacgg:gttaacgg	GGWACWRGWTGRACWNTNTAYCCYCC	TANACYTCNGGRTGNCCRAARAAYCA	F @ position=01_12B;
VEN1	V44Aa	aacgcgat:aacgcgat	GGWACWRGWTGRACWNTNTAYCCYCC	TANACYTCNGGRTGNCCRAARAAYCA	F @ position=01_12C;
VEN1	V44Ba	cgcgtaat:cgcgtaat	GGWACWRGWTGRACWNTNTAYCCYCC	TANACYTCNGGRTGNCCRAARAAYCA	F @ position=01_12D;
VEN1	V45Aa	ccgatact:ccgatact	GGWACWRGWTGRACWNTNTAYCCYCC	TANACYTCNGGRTGNCCRAARAAYCA	F @ position=01_12E;
VEN1	V45Ba	agacatcc:agacatcc	GGWACWRGWTGRACWNTNTAYCCYCC	TANACYTCNGGRTGNCCRAARAAYCA	F @ position=01_12F;
VEN1	V46Aa	gatagagg:gatagagg	GGWACWRGWTGRACWNTNTAYCCYCC	TANACYTCNGGRTGNCCRAARAAYCA	F @ position=01_12G;
VEN1	V46Ba	ctgttgtg:ctgttgtg	GGWACWRGWTGRACWNTNTAYCCYCC	TANACYTCNGGRTGNCCRAARAAYCA	F @ position=01_12H;
